id,text,label,notes,pre_labeled_by_ai
1,"Wembanyama's defensive impact goes beyond blocks — opponents shoot 4.2% worse at the rim when he's within 8 feet compared to league average. The deterrence radius on this guy is unlike anything we've seen from a rookie.",ANALYSIS,,True
2,"The Thunder's defense isn't just talent — they lead the league in forcing teams into mid-range twos, which is the least efficient shot in modern basketball. Daigneault deserves coach of the year conversation for this scheme alone.",ANALYSIS,,True
3,"SGA's efficiency numbers look different in the playoffs because of opponent quality. He's facing top-5 defenses every round while his regular season stats came against average defenders. The raw numbers tell a misleading story.",ANALYSIS,,True
4,"Jokic had 12 possessions last night where he caught in the high post and either scored or assisted — his decision-making time averaged under 1.5 seconds. For a 280-pound center, that's elite read speed.",ANALYSIS,,True
5,"Tatum's fourth quarter efficiency is a real concern. He's shooting 38.2% in the last 5 minutes of games decided by 5 or fewer points over the past two seasons. The 'he's clutch' narrative doesn't match the data.",ANALYSIS,,True
6,"Curry's gravity creates value that doesn't show up in his own box score. When he's on the floor, the Warriors generate the most open threes for teammates in the league — 3.2 above average per game. His off-ball movement functions as a scheme.",ANALYSIS,,True
7,"The Lakers' offensive problems trace back to one thing: they rank 28th in catch-and-shoot attempts. Their entire offense requires someone to create off the dribble, which stalls when LeBron or AD are in foul trouble.",ANALYSIS,,True
8,"Luka's assist numbers are inflated by the system. Over 40% of his assists go to corner three shooters on straight kickouts — not creation, just swing passes. His actual chance-creation assists are around 5.5 per game, which is still elite but not the 10+ the raw number implies.",ANALYSIS,,True
9,"Anthony Edwards is shooting 46% on pull-up jumpers this year vs. 38% last year. He's either making better decisions about when to take them or he genuinely improved the shot — probably both.",ANALYSIS,,True
10,"Giannis without a jump shot is an exploitable playoff weakness. Teams are dropping their bigs off him in pick-and-roll — he's 8-for-31 on jumpers when given space this postseason. This is a solvable problem but he needs to either add the shot or change his approach.",ANALYSIS,,True
11,"OKC has the youngest core to reach 50 wins in NBA history — average age 22.4 at the All-Star break. The 2012-13 Thunder core was 24.6 at the same point. The development curve here is genuinely unprecedented.",ANALYSIS,,True
12,"The Heat's clutch edge is quantifiable. They're 28-8 in games decided by 5 or fewer points over the last 3 seasons — league average in those situations is roughly 50/50. That's not luck, it's closing ability.",ANALYSIS,,True
13,"Jalen Brunson's efficiency in isolation is deceptive — he's scoring 1.08 PPP in isolation, but the Knicks only run it on 15% of possessions. The rest is off-movement and screen actions. He's a system player who can also take over, not a volume scorer.",ANALYSIS,,True
14,"Nikola Jokic has won three MVPs in four years. The only other players with that kind of concentration in the modern era are LeBron (4 in 5 years) and Curry (2 in a row). At 29, Jokic's peak is right now and it's historically rare.",ANALYSIS,,True
15,"LeBron at 40 is shooting 52% from the field on non-fastbreak shots — better than his age-35 season. The athleticism decline is real but his positioning and decision-making have improved to compensate. The field goal percentage doesn't support 'he's done.'",ANALYSIS,,True
16,"OKC's biggest playoff problem will be half-court offense. They rank 8th during the regular season but their opponents' defensive quality in the first round was bottom-10. Against top-5 defenses they drop to 15th.",ANALYSIS,,True
17,"Denver's problem isn't Jokic — it's the second unit. Their starters have the best net rating in the West (+9.2) but their bench is -3.1, which is 22nd in the league. That gap is unsustainable in a playoff series.",ANALYSIS,,True
18,"Victor Wembanyama's per-36 numbers this season put him in a historically unique position — he's the only player ever to average at least 25/10/3/1/4 per 36 in their first or second season. The comparison to Kareem at the same age is legitimate.",ANALYSIS,,True
19,"The Knicks' best lineup is Brunson-DiVincenzo-Mikal-OG-Randle. That five-man unit has a +12.4 net rating in 320 minutes. The problem is Thibodeau refuses to stagger them and plays Brunson too many minutes with the second unit.",ANALYSIS,,True
20,"LeBron's longevity is partly explained by body composition — he reportedly maintains 8% body fat despite being 250+ pounds. His investment in recovery is what separates his durability from other all-time greats at the same age.",ANALYSIS,,True
21,"The Pacers are running the fastest offense in the league at 103.2 possessions per 100 minutes. They specifically designed their transition offense around Haliburton's outlet passing, which is the best in the league. This is a system built around a specific talent.",ANALYSIS,,True
22,"Isaiah Hartenstein's impact on OKC can be measured in their switch rate — before he arrived they were switching on 34% of screens, now it's 67%. His length combined with Chet's mobility creates one of the two best switching frontcourts in the league.",ANALYSIS,,True
23,"Donovan Mitchell's playoff scoring dips (from 28.3 to 24.1 PPG) but his TS% actually improves (46% to 53%). He's taking better shots when the stakes are higher even though the raw volume drops.",ANALYSIS,,True
24,"Portland's rebuild is ahead of schedule. Scoot Henderson's assist rate at age 20 ranks him in the 93rd percentile for point guards his age in NBA history. The shooting is still developing but the playmaking is already there.",ANALYSIS,,True
25,"Minnesota's defense is built on switching and it costs them in the half-court. They're 6th in transition defense but 19th in half-court defense because switching exposes Anthony Edwards's lateral quickness against elite guards. This is their playoff ceiling problem.",ANALYSIS,,True
26,"The Warriors dynasty required three specific elements simultaneously: Curry's shooting gravity, Draymond's switch defense, and Klay's off-ball movement. You can't recreate one element without the others — that's why the knockoff versions haven't worked.",ANALYSIS,,True
27,"Karl-Anthony Towns's defensive BPM has gone from -2.8 to +0.3 over three seasons. He's still not great but he's gone from a liability to roughly league average — on a team that needs him to be positive, this matters.",ANALYSIS,,True
28,"Tyrese Haliburton's turnover rate (17.2%) is the highest among All-Star guards this season. His assist numbers are elite but he's giving up possessions at a rate that hurts net rating specifically in close games.",ANALYSIS,,True
29,"Stephen Curry's corner three shooting (58% this year) is likely unsustainable — league average is 38% and even Curry's career average is 43% from the corner. But his catch-and-shoot on above-the-break threes (45%) is legitimate and repeatable.",ANALYSIS,,True
30,"Kyrie Irving's legacy problem is statistical: 4 All-NBA seasons, 1 championship, but a career win share outside the top 50 all time because of games missed. He's a top-5 talent by peak but a top-25 player by total contribution.",ANALYSIS,,True
31,"Jaren Jackson Jr.'s 4.6 blocks per 36 minutes would be a record if sustained. Even regressing to 3.5, that's the second-best mark in the last decade. Memphis has an elite defensive anchor if they can keep him healthy.",ANALYSIS,,True
32,"Nikola Jokic's PER in elimination games is 28.4 over his career — LeBron's is 28.6 and Jordan's was 27.9. The 'Jokic isn't clutch' narrative is statistically false.",ANALYSIS,,True
33,"The Celtics' frontcourt of Porzingis and Horford is the best two-man switching unit in the East this year. Combined, they're allowing opponents to shoot 8% below average on switches.",ANALYSIS,,True
34,"SGA's mid-range game at 44% on high volume is top-5 in the league from that zone. The question is whether defenses can actually contest him there — and so far the answer is mostly no.",ANALYSIS,,True
35,"Warriors post-dynasty decline is a model in how not to handle a rebuild. They committed $100M+ to veterans over 30 while young players couldn't find roles. They're now too old to compete and too committed to rebuild.",ANALYSIS,,True
36,"The difference between healthy Anthony Davis and injured Anthony Davis is enormous by the numbers — healthy AD produces a +9.2 net rating while teams with limited AD sit at -1.3. That gap explains why the Lakers' ceiling and floor are both extreme.",ANALYSIS,,True
37,"Mikal Bridges' decline in Brooklyn makes sense when you look at usage. His TS% is nearly identical to his Phoenix years (58.1% vs 60.3%) but his usage jumped from 18% to 27%. High-usage Bridges is a different player than catch-and-shoot Bridges.",ANALYSIS,,True
38,"Boston's three-point defense is better than their reputation. They rank 4th in opponent three-point percentage (34.8%) despite giving up the 8th most attempts. The 'they give up threes but contest well' reputation is backed by the numbers.",ANALYSIS,,True
39,"Joel Embiid's health record — 4 seasons under 50 games in his last 6 years — has to be part of the MVP calculus. He's the best player when healthy but availability is a skill and it's one he hasn't consistently demonstrated.",ANALYSIS,,True
40,"Draymond Green's defensive on/off this season: the Warriors allow 8.4 fewer points per 100 with him on the court. That's top-5 in the league. His impact is enormous even without the traditional stat line.",ANALYSIS,,True
41,"The NBA's pace increase from 95 possessions per game in 2012 to 100 in 2025 makes raw counting stats incomparable across eras. Kareem's 26 PPG in 1971 at 85 possessions per game is roughly 30 PPG adjusted for pace.",ANALYSIS,,True
42,"Devin Booker's half-court efficiency (1.02 PPP) ranks him 7th in the league among primary ball-handlers. The narrative that he 'can't win' ignores that his team has been built poorly around him twice.",ANALYSIS,,True
43,"Atlanta's defensive issues start with their guards. Trae Young is bottom-5 in defensive rating among starters (117 DRTG). You can't build a team defense from the 1 position and they haven't tried.",ANALYSIS,,True
44,"Cade Cunningham's assist-to-turnover ratio (3.1) on 28 PPG is comparable to the best creators in the league at age 22. Detroit has something real here.",ANALYSIS,,True
45,"The 76ers are in a bad equilibrium. Maxey needs to be the primary creator to maximize his value, but Embiid needs an elite pick-and-roll partner. Those requirements conflict and they've never resolved it.",ANALYSIS,,True
46,"The Bucks' window is closing faster than most think. Giannis turns 31 next year, their depth has degraded every offseason, and they've never found a second star who fits their pace-and-power system.",ANALYSIS,,True
47,"San Antonio's strategy of clearing cap space to tank for a generational prospect is historically correct. They gave up draft capital, finished last, and landed Wembanyama. This is textbook asset allocation.",ANALYSIS,,True
48,"Toronto's only viable rebuild path is through the draft given their market disadvantages — Canadian taxes, distance from US entertainment hubs. Every major free agent has passed on them for 10 years. They have to develop or acquire through trades.",ANALYSIS,,True
49,"Steph's 2015-16 season (30.1 PPG, 50/45/91 splits, 402 threes made) hasn't been matched in any single category by any player in the decade since. Peak Curry is one of the best offensive seasons in NBA history by the numbers.",ANALYSIS,,True
50,"The 2016 Warriors losing the Finals despite going 73-9 was statistically almost impossible. That team had the best regular season ever and the second-best offense ever by ORTG. It wasn't a choke — it was peak LeBron with Kyrie healthy at the exact right time.",ANALYSIS,,True
51,"Detroit's three-point strategy is backfiring. They went all-in on volume but rank 24th in three-point percentage. More threes is only efficient if you make them — their TS% at 54.8% is below league average.",ANALYSIS,,True
52,"Bam Adebayo's advanced numbers (3.8 BPM, 5.1 VORP) put him just outside the top tier of player value metrics, even though his traditional stats (20/10/4) are elite. The truth is probably in the middle — he's top 5 but not top 2.",ANALYSIS,,True
53,"The reason playoff seeding matters less now: the in-season tournament and play-in games have compressed regular season motivation. Teams 7-10 are targeting the play-in, and top seeds rest starters in February. The regular season sample is less competitive than it was.",ANALYSIS,,True
54,"Miami goes cold in December and January every year because their small rotation accumulates fatigue — they play 7-8 players consistently. Same pattern in 2020, 2022, 2023, and 2025. They always bounce back in March.",ANALYSIS,,True
55,"The Clippers' rebuild makes financial sense even if the basketball is ugly. Four first-round picks in the next 3 drafts and $45M in cap space by 2026 is buying flexibility now by accepting pain later.",ANALYSIS,,True
56,"Ja Morant's injury history — 3 major injuries in 4 seasons — is starting to look like a pattern. Derrick Rose had similar injury frequency at the same age and never returned to pre-injury form. Not a certainty, but a legitimate risk factor.",ANALYSIS,,True
57,"Jaylen Brown shot 42% from three last season. The 'he can't shoot' narrative is dead — that's elite volume three-point shooting.",ANALYSIS,"Hard case: cites a stat but uses it to dismiss critics rather than build a full argument. Labeled ANALYSIS because specific evidence is present in service of the claim.",True
58,"Oklahoma City's clutch numbers are misleading — they're 15-8 in close games but they've avoided elimination-game matchups against top seeds. Clutch performance against weak opponents is a different test.",ANALYSIS,,True
59,"The Spurs gave Popovich everything he needed in 2023 to build around Wembanyama. Their development approach (limiting his minutes, running age-appropriate spacing) mirrors how they developed Timmy at the same age.",ANALYSIS,,True
60,"Brook Lopez allows 6.4% worse opponent field goal percentage at the rim than league average. He's one of the best rim protectors in the league by this metric — the fact that he can't guard in space doesn't erase that.",ANALYSIS,,True
61,"OKC's second unit has the best net rating of any reserve group in the league at +4.8. This roster depth is a function of Presti's drafting plus willingness to let veterans go when cost exceeds value.",ANALYSIS,,True
62,"Trae Young's playmaking is elite but his gravity only works if shooters make open threes. Atlanta ranked 24th in three-point percentage last year — his gravity is wasted when teammates can't convert.",ANALYSIS,,True
63,"The Nuggets can't repeat if they lose home court in the first round. Their home/road split is the widest in the league — +12.1 at home, +2.3 on the road. Jokic doesn't travel poorly but the system does.",ANALYSIS,,True
64,"Shai Gilgeous-Alexander's free throw rate (11.3 FTA per 36) is the second highest in the league among guards. Getting to the line at that rate is a skill — defenses haven't found a way to contain him without fouling.",ANALYSIS,,True
65,"Tyrese Maxey's burst off the catch makes him nearly impossible to scheme against. He averaged 0.94 PPP in transition this season — top-10 in the league — and his first-step quickness leaves no time for help defense to rotate.",ANALYSIS,,True
66,"SGA is the best player in the league right now and it's not even close. He's untouchable.",TAKE,,True
67,"LeBron is done. He looked terrible in the fourth quarter last night and he's never coming back from this.",TAKE,,True
68,"The NBA is soft now. Players in the 90s would never get foul calls for this nonsense.",TAKE,,True
69,"Kyrie Irving is the most skilled basketball player alive. It's not a debate.",TAKE,,True
70,"The Knicks are going to win the championship this year. I can feel it.",TAKE,,True
71,"Giannis is overrated. He only dominates because defenses let him walk to the basket.",TAKE,,True
72,"The refs are literally rigged. There's no other explanation for what happened in that fourth quarter.",TAKE,,True
73,"Jaylen Brown is not a number two option on a championship team. He never will be.",TAKE,,True
74,"Dame Lillard wasted his best years in Portland. He should have demanded a trade five years earlier.",TAKE,,True
75,"The league peaked in the 2010s. Nothing will ever be as good as watching prime Curry, LeBron, and Durant in the same era.",TAKE,,True
76,"Zion Williamson doesn't care about basketball. It's obvious from how he handles his body.",TAKE,,True
77,"Anthony Davis is the most frustrating player in NBA history. Incredible talent, zero heart.",TAKE,,True
78,"Devin Booker is a stat padder on a bad team. His numbers don't mean anything.",TAKE,,True
79,"Luka Doncic is the most talented player in the league but also the laziest. He could average 40 if he ran back on defense.",TAKE,,True
80,"Miami Heat fans are the worst fanbase in sports. They leave games early even when winning.",TAKE,,True
81,"The Warriors dynasty is officially over and everyone needs to accept it.",TAKE,,True
82,"Ben Simmons ruined his career with his ego. He could have been a top 5 player.",TAKE,,True
83,"James Harden plays zero defense and shouldn't be considered All-NBA.",TAKE,,True
84,"Chet Holmgren is going to be a Hall of Famer. I said what I said.",TAKE,,True
85,"Kawhi Leonard is not a top-5 all-time player. Two rings doesn't change that.",TAKE,,True
86,"The Celtics are frauds. They collapse when it matters and always find a way to choke.",TAKE,,True
87,"Paul Pierce is trolling himself with these takes. He was never as good as he thinks he was.",TAKE,,True
88,"Pascal Siakam was the second-best player on those Raptors teams, not Kawhi. Kawhi was just the closer.",TAKE,,True
89,"DeRozan gets no respect from analysts because he doesn't shoot threes. The mid-range is a lost art and nobody appreciates it.",TAKE,,True
90,"Rudy Gobert is the most overpaid player in the league. Defense alone won't get you far enough.",TAKE,,True
91,"Trae Young will never win a championship. He's a regular season player.",TAKE,,True
92,"Stephen Curry is the greatest shooter of all time. This conversation should have ended in 2016.",TAKE,,True
93,"The Bucks wasted a championship window. Giannis deserves a better front office.",TAKE,,True
94,"Draymond Green is a dirty player who gets protection from the league. He should have been suspended multiple times by now.",TAKE,,True
95,"Klay Thompson is never coming back to his old level. The injuries took too much.",TAKE,,True
96,"Michael Jordan would average 50 in today's NBA. The defense is nowhere near what it was.",TAKE,,True
97,"OKC is a regular season team. Watch them fall apart in the playoffs like they always do.",TAKE,,True
98,"The 76ers have wasted Joel Embiid's career. He deserves so much better.",TAKE,,True
99,"Victor Wembanyama is going to be the greatest player of all time. You heard it here first.",TAKE,,True
100,"Carmelo Anthony was top 5 of his era. People who say otherwise are simply wrong.",TAKE,,True
101,"The Pacers have no chance in the playoffs. Haliburton disappears when the lights are on.",TAKE,,True
102,"Nikola Jokic isn't athletic enough to win in the playoffs against elite athletes. His MVPs are a product of the era.",TAKE,,True
103,"Jimmy Butler is the most competitive player in the league. He makes everyone around him better.",TAKE,,True
104,"The Lakers make every draft decision wrong. Their player development is the worst in the league.",TAKE,,True
105,"Chris Paul had no heart. He always found a way to get hurt or choke when it mattered most.",TAKE,,True
106,"RJ Barrett is never going to be a franchise player. He doesn't have the mentality for it.",TAKE,,True
107,"Donovan Mitchell is a certified closer. That Game 7 against Boston proved it forever.",TAKE,,True
108,"The East is weak and has been for a decade. Any of the top Western teams would dominate over there.",TAKE,,True
109,"Darius Garland is a future All-Star who the league is sleeping on.",TAKE,,True
110,"Memphis made a mistake not trading Ja when they could have gotten a massive return.",TAKE,,True
111,"Kevin Durant is the most skilled offensive player in NBA history. Period.",TAKE,,True
112,"Bradley Beal is the worst contract in NBA history. Phoenix ruined their cap space for nothing.",TAKE,,True
113,"Sacramento Kings fans deserve a championship. They've suffered long enough.",TAKE,,True
114,"The Clippers haven't won anything and never will. The franchise is cursed.",TAKE,,True
115,"Jayson Tatum is not a top-5 player. He's a good player on a great team.",TAKE,,True
116,"Andrew Wiggins was the biggest draft bust of his generation.",TAKE,,True
117,"The NBA officiating is the worst it's ever been. Every game has at least five game-changing missed calls.",TAKE,,True
118,"Damian Lillard will win a championship in Milwaukee. I'm confident in that.",TAKE,,True
119,"Zion at full health is the most physically imposing player since peak Shaq.",TAKE,,True
120,"Tobias Harris is criminally underrated. He does everything the right way.",TAKE,,True
121,"LeBron's son is going to be a top-10 pick. Genetics don't lie.",TAKE,,True
122,"Kyrie kills team chemistry everywhere he goes. He is always the problem.",TAKE,,True
123,"No player in today's NBA would have survived the physicality of the 1990s playoffs.",TAKE,,True
124,"The 2017 Warriors are the best team ever assembled. Anyone who disagrees is a hater.",TAKE,,True
125,"Anthony Edwards is going to be the face of the NBA in 5 years. You can see it coming.",TAKE,,True
126,"Kevin Durant joining the Warriors was the worst thing to happen to NBA competition.",TAKE,,True
127,"Jordan was better than LeBron and this debate should be settled. LeBron has always had more help.",TAKE,,True
128,"Brook Lopez is the most underrated player in the league. He never gets the credit he deserves.",TAKE,,True
129,"The Warriors should have kept Klay for another year. Letting him walk was a mistake.",TAKE,,True
130,"LeBron is the greatest of all time and anyone who says otherwise is letting nostalgia cloud their judgment.",TAKE,,True
131,"Russell Westbrook was unfairly treated by every team he went to after OKC.",TAKE,,True
132,"Miles Bridges had no business being considered for a max contract after what he did.",TAKE,,True
133,"The NBA would be so much better without the in-season tournament. Nobody actually cares about it.",TAKE,,True
134,"Brunson is the Knicks' MVP and it's not even close. He carries that team.",TAKE,,True
135,"Ja Morant is the most electric player to watch in the league. Nobody else comes close.",TAKE,,True
136,"John Collins is way too good to be coming off the bench. He should be a starter somewhere.",TAKE,,True
137,"Bam Adebayo should have gotten more MVP votes last year. The national media ignores Miami.",TAKE,,True
138,"OKC's three-point shooting will regress in the playoffs and it will cost them a series.",TAKE,,True
139,"Trae Young's floater is unstoppable. He's found a shot that nobody can guard.",TAKE,,True
140,"Tyler Herro is an All-Star level player trapped on a mediocre roster.",TAKE,,True
141,"The Hornets have been mismanaged for 20 years. They need new ownership.",TAKE,,True
142,"The refs always give stars benefit-of-the-doubt calls that role players never get. It's completely inconsistent.",TAKE,,True
143,"Patrick Beverley is the most annoying player in the league and also one of the most effective at what he does.",TAKE,,True
144,"Jalen Williams is the most underrated player in the league. He does everything and gets zero attention.",TAKE,,True
145,"The Knicks are always one piece away. They've been one piece away since 1999.",TAKE,,True
146,"Embiid flopping on every other possession is embarrassing for someone with his talent.",TAKE,,True
147,"Jokic is nice but he would not survive the 90s. Centers got hit back then.",TAKE,"Hard case: era comparison assertion with no stats. Could be BANTER given the dismissive tone but it's making a basketball claim → TAKE.",True
148,"The play-in tournament is one of the best things the NBA has done in years. More teams have something to play for.",TAKE,,True
149,"Ricky Rubio was the best passer of his generation. Just never had the right pieces around him.",TAKE,,True
150,"Ime Udoka should not have been fired. The punishment didn't fit the situation.",TAKE,,True
151,"Every year the Warriors get the benefit of the doubt from refs in big games. It's been going on since 2015.",TAKE,,True
152,"James Harden in his prime was unguardable. Nobody had an answer for the step-back.",TAKE,,True
153,"Melo in his prime would destroy anyone in today's NBA. People forget how good he was.",TAKE,,True
154,"The Nets destroyed their franchise for three years and got absolutely nothing for it.",TAKE,,True
155,"Doc Rivers always chokes when it matters. Three different teams, same result.",TAKE,,True
156,"LFG KNICKS LET'S GOOOOO 🏆🏆🏆",BANTER,,True
157,"Not gonna lie that dunk made me scream 💀💀💀",BANTER,,True
158,"Bro what did I just watch 😭",BANTER,,True
159,"Lmaooo this league is so cooked",BANTER,"Hard case: could be a TAKE (judgment about the league) but it's too vague and emotionally coded to constitute a real claim → BANTER.",True
160,"AND ONE LETS GO THUNDER ⚡⚡",BANTER,,True
161,"I can't believe I stayed up for this 😭😭",BANTER,,True
162,"The basketball gods are real tonight",BANTER,,True
163,"Celtics fans are sick rn 💀",BANTER,,True
164,"ok that was actually insane ngl",BANTER,,True
165,"Here before this blows up",BANTER,,True
166,"This game thread is too funny 😂",BANTER,,True
167,"RIP to everyone who bet the over",BANTER,,True
168,"Every Lakers fan right now: 🔫",BANTER,,True
169,"Wemby said not today 🛡️",BANTER,,True
170,"No thoughts, head empty, only vibes",BANTER,,True
171,"DAME TIME‼️‼️‼️",BANTER,,True
172,"Idk what I just watched but I'm here for it",BANTER,,True
173,"This is why I love basketball 🙏",BANTER,,True
174,"Goodnight everybody 😭 that was too much",BANTER,,True
175,"Suns fans typing rn 💀",BANTER,,True
176,"W game, no notes",BANTER,,True
177,"ok I'm a Nuggets fan now",BANTER,,True
178,"BUCKETS BUCKETS BUCKETS",BANTER,,True
179,"Never in doubt (I was in so much doubt)",BANTER,,True
180,"Not going to work tomorrow lmao",BANTER,,True
181,"Be honest, did you have them winning this?",BANTER,,True
182,"BRON BRON 👑👑👑",BANTER,,True
183,"Just got back from the game, atmosphere was absolutely insane",BANTER,,True
184,"Crying in Celtics fan 😭💚",BANTER,,True
185,"The NBA is so back 🙏🙏",BANTER,,True
186,"I need everyone in this thread to calm down (including me)",BANTER,,True
187,"Respectfully, this ref crew has to be fired",BANTER,"Hard case: makes a judgment about officiating but it's a hyperbolic expression of frustration rather than a position → BANTER. Compare to row 117 which is TAKE because it's a sustained claim about league-wide officiating quality.",True
188,"Good morning to everyone except Suns fans",BANTER,,True
189,"Live laugh love Anthony Edwards",BANTER,,True
190,"He cooked him. He COOKED him. 👨‍🍳",BANTER,,True
191,"Pacers fans are eating tonight 🍽️",BANTER,,True
192,"ok the Wemby hive is insufferable tonight",BANTER,,True
193,"Luka game thread Luka game thread Luka game thread",BANTER,,True
194,"First 🏀",BANTER,,True
195,"This sub when their team is winning vs losing 📈📉",BANTER,,True
196,"We do not talk about what happened in the fourth quarter",BANTER,,True
197,"Jokic's passing is legitimately the best in the history of the center position. No big man has ever seen the floor this well.",TAKE,"Hard case: makes a strong historical claim but cites no specific evidence — no stats, no comparisons, no game examples. Despite sounding confident and specific, this is TAKE not ANALYSIS.",True
198,"This team makes me feel things I shouldn't feel about a basketball team",BANTER,,True
199,"The moment SGA stepped into that pull-up I knew it was going in. Zero doubt.",BANTER,"Hard case: expressing a feeling about a play moment. No basketball argument is being made → BANTER despite referencing a specific shot.",True
200,"Steph Curry changed the game more than any player since Jordan. The fact that every team now has a designated three-point shooter at every position is his legacy.",TAKE,"Hard case: sounds like analysis and makes a historical claim, but no stats or specific evidence are cited. The second sentence is an assertion about his influence, not evidence of it. → TAKE.",True
